title,release_year,category_id,Full Name
ACADEMY DINOSAUR,2006,6,PENELOPEGUINESS
ANACONDA CONFESSIONS,2006,2,PENELOPEGUINESS
ANGELS LIFE,2006,13,PENELOPEGUINESS
BULWORTH COMMANDMENTS,2006,10,PENELOPEGUINESS
CHEAPER CLYDE,2006,14,PENELOPEGUINESS
COLOR PHILADELPHIA,2006,4,PENELOPEGUINESS
ELEPHANT TROJAN,2006,11,PENELOPEGUINESS
GLEAMING JAWBREAKER,2006,15,PENELOPEGUINESS
HUMAN GRAFFITI,2006,10,PENELOPEGUINESS
KING EVOLUTION,2006,8,PENELOPEGUINESS
LADY STAGE,2006,11,PENELOPEGUINESS
LANGUAGE COWBOY,2006,3,PENELOPEGUINESS
MULHOLLAND BEAST,2006,9,PENELOPEGUINESS
OKLAHOMA JUMANJI,2006,13,PENELOPEGUINESS
RULES HUMAN,2006,11,PENELOPEGUINESS
SPLASH GUMP,2006,8,PENELOPEGUINESS
VERTIGO NORTHWEST,2006,5,PENELOPEGUINESS
WESTWARD SEABISCUIT,2006,4,PENELOPEGUINESS
WIZARD COLDBLOODED,2006,12,PENELOPEGUINESS
ADAPTATION HOLES,2006,6,NICKWAHLBERG
APACHE DIVINE,2006,8,NICKWAHLBERG
BABY HALL,2006,9,NICKWAHLBERG
BULL SHAWSHANK,2006,1,NICKWAHLBERG
CHAINSAW UPTOWN,2006,14,NICKWAHLBERG
CHISUM BEHAVIOR,2006,8,NICKWAHLBERG
DESTINY SATURDAY,2006,13,NICKWAHLBERG
DRACULA CRYSTAL,2006,4,NICKWAHLBERG
FIGHT JAWBREAKER,2006,2,NICKWAHLBERG
FLASH WARS,2006,13,NICKWAHLBERG
GILBERT PELICAN,2006,4,NICKWAHLBERG
GOODFELLAS SALUTE,2006,14,NICKWAHLBERG
HAPPINESS UNITED,2006,9,NICKWAHLBERG
INDIAN LOVE,2006,8,NICKWAHLBERG
JEKYLL FROGMEN,2006,13,NICKWAHLBERG
JERSEY SASSY,2006,3,NICKWAHLBERG
LIAISONS SWEET,2006,16,NICKWAHLBERG
LUCKY FLYING,2006,12,NICKWAHLBERG
MAGUIRE APACHE,2006,8,NICKWAHLBERG
MALLRATS UNITED,2006,5,NICKWAHLBERG
MASK PEACH,2006,13,NICKWAHLBERG
ROOF CHAMPION,2006,10,NICKWAHLBERG
RUSHMORE MERMAID,2006,5,NICKWAHLBERG
SMILE EARRING,2006,16,NICKWAHLBERG
WARDROBE PHANTOM,2006,7,NICKWAHLBERG
ALONE TRIP,2006,12,EDCHASE
ARMY FLINTSTONES,2006,6,EDCHASE
ARTIST COLDBLOODED,2006,15,EDCHASE
BOONDOCK BALLROOM,2006,16,EDCHASE
CADDYSHACK JEDI,2006,1,EDCHASE
COWBOY DOOM,2006,9,EDCHASE
EVE RESURRECTION,2006,13,EDCHASE
FORREST SONS,2006,1,EDCHASE
FRENCH HOLIDAY,2006,6,EDCHASE
FROST HEAD,2006,4,EDCHASE
HALLOWEEN NUTS,2006,6,EDCHASE
HUNTER ALTER,2006,6,EDCHASE
IMAGE PRINCESS,2006,15,EDCHASE
JEEPERS WEDDING,2006,4,EDCHASE
LUCK OPUS,2006,7,EDCHASE
NECKLACE OUTBREAK,2006,7,EDCHASE
PLATOON INSTINCT,2006,13,EDCHASE
SPICE SORORITY,2006,7,EDCHASE
WEDDING APOLLO,2006,6,EDCHASE
WEEKEND PERSONAL,2006,14,EDCHASE
WHALE BIKINI,2006,9,EDCHASE
YOUNG LANGUAGE,2006,6,EDCHASE
ANACONDA CONFESSIONS,2006,2,JENNIFERDAVIS
ANGELS LIFE,2006,13,JENNIFERDAVIS
BAREFOOT MANCHURIAN,2006,1,JENNIFERDAVIS
BED HIGHBALL,2006,6,JENNIFERDAVIS
BLADE POLISH,2006,7,JENNIFERDAVIS
BOONDOCK BALLROOM,2006,16,JENNIFERDAVIS
GHOSTBUSTERS ELF,2006,2,JENNIFERDAVIS
GREEDY ROOTS,2006,7,JENNIFERDAVIS
HANOVER GALAXY,2006,12,JENNIFERDAVIS
INSTINCT AIRPORT,2006,15,JENNIFERDAVIS
JUMANJI BLADE,2006,13,JENNIFERDAVIS
NATIONAL STORY,2006,6,JENNIFERDAVIS
OKLAHOMA JUMANJI,2006,13,JENNIFERDAVIS
POSEIDON FOREVER,2006,15,JENNIFERDAVIS
RAIDERS ANTITRUST,2006,6,JENNIFERDAVIS
RANDOM GO,2006,14,JENNIFERDAVIS
REDS POCUS,2006,12,JENNIFERDAVIS
SILVERADO GOLDFINGER,2006,14,JENNIFERDAVIS
SPLASH GUMP,2006,8,JENNIFERDAVIS
SUBMARINE BED,2006,5,JENNIFERDAVIS
TREASURE COMMAND,2006,11,JENNIFERDAVIS
UNFORGIVEN ZOOLANDER,2006,14,JENNIFERDAVIS
AMADEUS HOLY,2006,1,JOHNNYLOLLOBRIGIDA
BANGER PINOCCHIO,2006,12,JOHNNYLOLLOBRIGIDA
BONNIE HOLOCAUST,2006,6,JOHNNYLOLLOBRIGIDA
CHITTY LOCK,2006,7,JOHNNYLOLLOBRIGIDA
COMMANDMENTS EXPRESS,2006,11,JOHNNYLOLLOBRIGIDA
CONEHEADS SMOOCHY,2006,7,JOHNNYLOLLOBRIGIDA
DADDY PITTSBURGH,2006,5,JOHNNYLOLLOBRIGIDA
DAISY MENAGERIE,2006,14,JOHNNYLOLLOBRIGIDA
ENOUGH RAGING,2006,16,JOHNNYLOLLOBRIGIDA
ESCAPE METROPOLIS,2006,16,JOHNNYLOLLOBRIGIDA
FIRE WOLVES,2006,10,JOHNNYLOLLOBRIGIDA
FRONTIER CABIN,2006,13,JOHNNYLOLLOBRIGIDA
GOODFELLAS SALUTE,2006,14,JOHNNYLOLLOBRIGIDA
GRAIL FRANKENSTEIN,2006,1,JOHNNYLOLLOBRIGIDA
GROOVE FICTION,2006,15,JOHNNYLOLLOBRIGIDA
HALL CASSIDY,2006,3,JOHNNYLOLLOBRIGIDA
HEAVENLY GUN,2006,12,JOHNNYLOLLOBRIGIDA
KRAMER CHOCOLATE,2006,15,JOHNNYLOLLOBRIGIDA
LOVE SUICIDES,2006,11,JOHNNYLOLLOBRIGIDA
METAL ARMAGEDDON,2006,6,JOHNNYLOLLOBRIGIDA
PACIFIC AMISTAD,2006,6,JOHNNYLOLLOBRIGIDA
PATTON INTERVIEW,2006,11,JOHNNYLOLLOBRIGIDA
POCUS PULP,2006,6,JOHNNYLOLLOBRIGIDA
RIDGEMONT SUBMARINE,2006,13,JOHNNYLOLLOBRIGIDA
RINGS HEARTBREAKERS,2006,1,JOHNNYLOLLOBRIGIDA
SMILE EARRING,2006,16,JOHNNYLOLLOBRIGIDA
SOLDIERS EVOLUTION,2006,14,JOHNNYLOLLOBRIGIDA
STAR OPERATION,2006,15,JOHNNYLOLLOBRIGIDA
SUNRISE LEAGUE,2006,2,JOHNNYLOLLOBRIGIDA
ANTITRUST TOMATOES,2006,1,BETTENICHOLSON
BANG KWAI,2006,8,BETTENICHOLSON
BEAST HUNCHBACK,2006,4,BETTENICHOLSON
BIKINI BORROWERS,2006,2,BETTENICHOLSON
CALENDAR GUNFIGHT,2006,9,BETTENICHOLSON
COAST RAINBOW,2006,6,BETTENICHOLSON
COLDBLOODED DARLING,2006,14,BETTENICHOLSON
CROSSROADS CASUALTIES,2006,2,BETTENICHOLSON
DROP WATERFRONT,2006,15,BETTENICHOLSON
IGBY MAKER,2006,16,BETTENICHOLSON
KRAMER CHOCOLATE,2006,15,BETTENICHOLSON
LANGUAGE COWBOY,2006,3,BETTENICHOLSON
LESSON CLEOPATRA,2006,15,BETTENICHOLSON
LIBERTY MAGNIFICENT,2006,15,BETTENICHOLSON
MULHOLLAND BEAST,2006,9,BETTENICHOLSON
POTLUCK MIXED,2006,2,BETTENICHOLSON
SPEED SUIT,2006,16,BETTENICHOLSON
TITANIC BOONDOCK,2006,2,BETTENICHOLSON
TRADING PINOCCHIO,2006,15,BETTENICHOLSON
WYOMING STORM,2006,13,BETTENICHOLSON
ANGELS LIFE,2006,13,GRACEMOSTEL
ANONYMOUS HUMAN,2006,15,GRACEMOSTEL
ARACHNOPHOBIA ROLLERCOASTER,2006,11,GRACEMOSTEL
BERETS AGENT,2006,1,GRACEMOSTEL
BREAKING HOME,2006,13,GRACEMOSTEL
COMMAND DARLING,2006,9,GRACEMOSTEL
CONFESSIONS MAGUIRE,2006,7,GRACEMOSTEL
DAZED PUNK,2006,10,GRACEMOSTEL
DECEIVER BETRAYED,2006,7,GRACEMOSTEL
DESTINATION JERK,2006,7,GRACEMOSTEL
EXCITEMENT EVE,2006,1,GRACEMOSTEL
GASLIGHT CRUSADE,2006,11,GRACEMOSTEL
HELLFIGHTERS SIERRA,2006,9,GRACEMOSTEL
INSTINCT AIRPORT,2006,15,GRACEMOSTEL
MALKOVICH PET,2006,4,GRACEMOSTEL
NECKLACE OUTBREAK,2006,7,GRACEMOSTEL
OCTOBER SUBMARINE,2006,4,GRACEMOSTEL
OPEN AFRICAN,2006,14,GRACEMOSTEL
POSEIDON FOREVER,2006,15,GRACEMOSTEL
SAINTS BRIDE,2006,7,GRACEMOSTEL
SAVANNAH TOWN,2006,7,GRACEMOSTEL
SCISSORHANDS SLUMS,2006,9,GRACEMOSTEL
SLEEPLESS MONSOON,2006,2,GRACEMOSTEL
SLEEPY JAPANESE,2006,13,GRACEMOSTEL
STING PERSONAL,2006,13,GRACEMOSTEL
TOWN ARK,2006,9,GRACEMOSTEL
TRACY CIDER,2006,2,GRACEMOSTEL
TREATMENT JEKYLL,2006,7,GRACEMOSTEL
WAR NOTTING,2006,9,GRACEMOSTEL
WARLOCK WEREWOLF,2006,3,GRACEMOSTEL
BABY HALL,2006,9,MATTHEWJOHANSSON
CAMPUS REMEMBER,2006,1,MATTHEWJOHANSSON
CLONES PINOCCHIO,2006,12,MATTHEWJOHANSSON
CONQUERER NUTS,2006,7,MATTHEWJOHANSSON
CROWDS TELEMARK,2006,14,MATTHEWJOHANSSON
DANCES NONE,2006,1,MATTHEWJOHANSSON
DRIVING POLISH,2006,12,MATTHEWJOHANSSON
DURHAM PANKY,2006,15,MATTHEWJOHANSSON
FLASH WARS,2006,13,MATTHEWJOHANSSON
HANGING DEEP,2006,7,MATTHEWJOHANSSON
INDIAN LOVE,2006,8,MATTHEWJOHANSSON
LIGHTS DEER,2006,4,MATTHEWJOHANSSON
LOSER HUSTLER,2006,15,MATTHEWJOHANSSON
MALKOVICH PET,2006,4,MATTHEWJOHANSSON
RUNNER MADIGAN,2006,12,MATTHEWJOHANSSON
SCHOOL JACKET,2006,9,MATTHEWJOHANSSON
SCORPION APOLLO,2006,7,MATTHEWJOHANSSON
SUGAR WONKA,2006,2,MATTHEWJOHANSSON
TOMORROW HUSTLER,2006,4,MATTHEWJOHANSSON
VANISHING ROCKY,2006,12,MATTHEWJOHANSSON
ANYTHING SAVANNAH,2006,11,JOESWANK
BIRCH ANTITRUST,2006,12,JOESWANK
CHOCOLAT HARRY,2006,8,JOESWANK
CHOCOLATE DUCK,2006,9,JOESWANK
CROOKED FROGMEN,2006,3,JOESWANK
CURTAIN VIDEOTAPE,2006,10,JOESWANK
DALMATIONS SWEDEN,2006,7,JOESWANK
HORROR REIGN,2006,16,JOESWANK
LAWLESS VISION,2006,2,JOESWANK
LEBOWSKI SOLDIERS,2006,7,JOESWANK
MAJESTIC FLOATS,2006,6,JOESWANK
PACIFIC AMISTAD,2006,6,JOESWANK
PERDITION FARGO,2006,15,JOESWANK
PRIMARY GLASS,2006,1,JOESWANK
REEF SALUTE,2006,11,JOESWANK
RUNNER MADIGAN,2006,12,JOESWANK
SMILE EARRING,2006,16,JOESWANK
SNATCHERS MONTEZUMA,2006,4,JOESWANK
SUNRISE LEAGUE,2006,2,JOESWANK
SWEETHEARTS SUSPECTS,2006,3,JOESWANK
TIES HUNGER,2006,3,JOESWANK
TRAFFIC HOBBIT,2006,16,JOESWANK
UNTOUCHABLES SUNRISE,2006,6,JOESWANK
WATERFRONT DELIVERANCE,2006,1,JOESWANK
WILD APOLLO,2006,13,JOESWANK
ACADEMY DINOSAUR,2006,6,CHRISTIANGABLE
ALABAMA DEVIL,2006,11,CHRISTIANGABLE
CROOKED FROGMEN,2006,3,CHRISTIANGABLE
DIVINE RESURRECTION,2006,10,CHRISTIANGABLE
DRAGONFLY STRANGERS,2006,13,CHRISTIANGABLE
GOLDFINGER SENSIBILITY,2006,7,CHRISTIANGABLE
JAWBREAKER BROOKLYN,2006,12,CHRISTIANGABLE
JEEPERS WEDDING,2006,4,CHRISTIANGABLE
LIFE TWISTED,2006,5,CHRISTIANGABLE
LORD ARIZONA,2006,1,CHRISTIANGABLE
MOD SECRETARY,2006,6,CHRISTIANGABLE
PREJUDICE OLEANDER,2006,4,CHRISTIANGABLE
PUNK DIVORCE,2006,2,CHRISTIANGABLE
REAP UNFAITHFUL,2006,11,CHRISTIANGABLE
SHAKESPEARE SADDLE,2006,15,CHRISTIANGABLE
TROUBLE DATE,2006,16,CHRISTIANGABLE
USUAL UNTOUCHABLES,2006,9,CHRISTIANGABLE
VACATION BOONDOCK,2006,14,CHRISTIANGABLE
WATERFRONT DELIVERANCE,2006,1,CHRISTIANGABLE
WEDDING APOLLO,2006,6,CHRISTIANGABLE
WIZARD COLDBLOODED,2006,12,CHRISTIANGABLE
WON DARES,2006,12,CHRISTIANGABLE
CANYON STOCK,2006,2,ZEROCAGE
DANCES NONE,2006,1,ZEROCAGE
ENCINO ELF,2006,10,ZEROCAGE
ENDING CROWDS,2006,13,ZEROCAGE
GANDHI KWAI,2006,8,ZEROCAGE
GODFATHER DIARY,2006,13,ZEROCAGE
HANDICAP BOONDOCK,2006,1,ZEROCAGE
HONEY TIES,2006,15,ZEROCAGE
HORN WORKING,2006,2,ZEROCAGE
IMAGE PRINCESS,2006,15,ZEROCAGE
JERSEY SASSY,2006,3,ZEROCAGE
LOSER HUSTLER,2006,15,ZEROCAGE
MEET CHOCOLATE,2006,9,ZEROCAGE
MOD SECRETARY,2006,6,ZEROCAGE
MOONWALKER FOOL,2006,10,ZEROCAGE
OLEANDER CLUE,2006,12,ZEROCAGE
RACER EGG,2006,7,ZEROCAGE
STORY SIDE,2006,1,ZEROCAGE
STRANGERS GRAFFITI,2006,11,ZEROCAGE
THIN SAGEBRUSH,2006,6,ZEROCAGE
TOOTSIE PILOT,2006,3,ZEROCAGE
UPTOWN YOUNG,2006,3,ZEROCAGE
VELVET TERMINATOR,2006,5,ZEROCAGE
WEST LION,2006,7,ZEROCAGE
WORKER TARZAN,2006,16,ZEROCAGE
ALLEY EVOLUTION,2006,9,KARLBERRY
ALONE TRIP,2006,12,KARLBERRY
ARABIA DOGMA,2006,11,KARLBERRY
ARIZONA BANG,2006,4,KARLBERRY
BOUND CHEAPER,2006,4,KARLBERRY
BOWFINGER GABLES,2006,11,KARLBERRY
BUNCH MINDS,2006,7,KARLBERRY
CLEOPATRA DEVIL,2006,13,KARLBERRY
CONNECTICUT TRAMP,2006,14,KARLBERRY
DARES PLUTO,2006,2,KARLBERRY
DATE SPEED,2006,8,KARLBERRY
DAY UNFAITHFUL,2006,13,KARLBERRY
DOORS PRESIDENT,2006,2,KARLBERRY
FURY MURDER,2006,3,KARLBERRY
HARDLY ROBBERS,2006,6,KARLBERRY
HIGHBALL POTTER,2006,9,KARLBERRY
HOLES BRANNIGAN,2006,15,KARLBERRY
INDEPENDENCE HOTEL,2006,6,KARLBERRY
LEATHERNECKS DWARFS,2006,16,KARLBERRY
LUCKY FLYING,2006,12,KARLBERRY
MONTEREY LABYRINTH,2006,11,KARLBERRY
NOVOCAINE FLIGHT,2006,15,KARLBERRY
OKLAHOMA JUMANJI,2006,13,KARLBERRY
PERFECT GROOVE,2006,5,KARLBERRY
REAP UNFAITHFUL,2006,11,KARLBERRY
REUNION WITCHES,2006,7,KARLBERRY
SMOKING BARBARELLA,2006,6,KARLBERRY
STAGECOACH ARMAGEDDON,2006,1,KARLBERRY
SWEDEN SHINING,2006,5,KARLBERRY
TELEMARK HEARTBREAKERS,2006,2,KARLBERRY
VIRGINIAN PLUTO,2006,6,KARLBERRY
ALONE TRIP,2006,12,UMAWOOD
ANTITRUST TOMATOES,2006,1,UMAWOOD
ATTRACTION NEWTON,2006,13,UMAWOOD
BOONDOCK BALLROOM,2006,16,UMAWOOD
CABIN FLASH,2006,3,UMAWOOD
CHINATOWN GLADIATOR,2006,13,UMAWOOD
CLASH FREDDY,2006,2,UMAWOOD
CLUELESS BUCKET,2006,1,UMAWOOD
DAISY MENAGERIE,2006,14,UMAWOOD
DRIVER ANNIE,2006,15,UMAWOOD
FRIDA SLIPPER,2006,9,UMAWOOD
GALAXY SWEETHEARTS,2006,4,UMAWOOD
GRINCH MASSAGE,2006,10,UMAWOOD
GROUNDHOG UNCUT,2006,5,UMAWOOD
HOMEWARD CIDER,2006,6,UMAWOOD
INCH JET,2006,2,UMAWOOD
LEATHERNECKS DWARFS,2006,16,UMAWOOD
LEGALLY SECRETARY,2006,3,UMAWOOD
LIFE TWISTED,2006,5,UMAWOOD
LION UNCUT,2006,5,UMAWOOD
LOLITA WORLD,2006,8,UMAWOOD
METAL ARMAGEDDON,2006,6,UMAWOOD
MODEL FISH,2006,3,UMAWOOD
MOONWALKER FOOL,2006,10,UMAWOOD
MOTIONS DETAILS,2006,11,UMAWOOD
REBEL AIRPORT,2006,12,UMAWOOD
RIDER CADDYSHACK,2006,15,UMAWOOD
SNOWMAN ROLLERCOASTER,2006,2,UMAWOOD
SOLDIERS EVOLUTION,2006,14,UMAWOOD
SPLASH GUMP,2006,8,UMAWOOD
SPLENDOR PATTON,2006,3,UMAWOOD
STEEL SANTA,2006,4,UMAWOOD
TORQUE BOUND,2006,7,UMAWOOD
WEDDING APOLLO,2006,6,UMAWOOD
ZHIVAGO CORE,2006,11,UMAWOOD
CLASH FREDDY,2006,2,VIVIENBERGEN
CRANES RESERVOIR,2006,15,VIVIENBERGEN
DIRTY ACE,2006,10,VIVIENBERGEN
DONNIE ALLEY,2006,2,VIVIENBERGEN
DRIFTER COMMANDMENTS,2006,1,VIVIENBERGEN
DRIVING POLISH,2006,12,VIVIENBERGEN
DRUMS DYNAMITE,2006,11,VIVIENBERGEN
ENEMY ODDS,2006,12,VIVIENBERGEN
EXCITEMENT EVE,2006,1,VIVIENBERGEN
GORGEOUS BINGO,2006,3,VIVIENBERGEN
HIGH ENCINO,2006,11,VIVIENBERGEN
HILLS NEIGHBORS,2006,1,VIVIENBERGEN
HOBBIT ALIEN,2006,7,VIVIENBERGEN
IMPACT ALADDIN,2006,12,VIVIENBERGEN
ITALIAN AFRICAN,2006,16,VIVIENBERGEN
JAPANESE RUN,2006,11,VIVIENBERGEN
KENTUCKIAN GIANT,2006,11,VIVIENBERGEN
LOVELY JINGLE,2006,4,VIVIENBERGEN
LOVER TRUMAN,2006,4,VIVIENBERGEN
MUSSOLINI SPOILERS,2006,15,VIVIENBERGEN
POLISH BROOKLYN,2006,3,VIVIENBERGEN
SALUTE APOLLO,2006,13,VIVIENBERGEN
SATURDAY LAMBS,2006,15,VIVIENBERGEN
STOCK GLASS,2006,13,VIVIENBERGEN
STREETCAR INTENTIONS,2006,11,VIVIENBERGEN
TIGHTS DAWN,2006,15,VIVIENBERGEN
TRAP GUYS,2006,9,VIVIENBERGEN
TYCOON GATHERING,2006,10,VIVIENBERGEN
VOICE PEACH,2006,13,VIVIENBERGEN
WESTWARD SEABISCUIT,2006,4,VIVIENBERGEN
APACHE DIVINE,2006,8,CUBAOLIVIER
BORROWERS BEDAZZLED,2006,2,CUBAOLIVIER
BOUND CHEAPER,2006,4,CUBAOLIVIER
BUTCH PANTHER,2006,13,CUBAOLIVIER
CASSIDY WYOMING,2006,16,CUBAOLIVIER
DIVINE RESURRECTION,2006,10,CUBAOLIVIER
EGYPT TENENBAUMS,2006,11,CUBAOLIVIER
EMPIRE MALKOVICH,2006,3,CUBAOLIVIER
FLYING HOOK,2006,2,CUBAOLIVIER
FUGITIVE MAGUIRE,2006,16,CUBAOLIVIER
HELLFIGHTERS SIERRA,2006,9,CUBAOLIVIER
HYDE DOCTOR,2006,4,CUBAOLIVIER
KISS GLORY,2006,9,CUBAOLIVIER
KNOCK WARLOCK,2006,5,CUBAOLIVIER
LUKE MUMMY,2006,2,CUBAOLIVIER
MAKER GABLES,2006,3,CUBAOLIVIER
MONTEZUMA COMMAND,2006,1,CUBAOLIVIER
NOON PAPI,2006,3,CUBAOLIVIER
OKLAHOMA JUMANJI,2006,13,CUBAOLIVIER
ROSES TREASURE,2006,15,CUBAOLIVIER
SHANE DARKNESS,2006,16,CUBAOLIVIER
SIEGE MADRE,2006,8,CUBAOLIVIER
SOLDIERS EVOLUTION,2006,14,CUBAOLIVIER
THEORY MERMAID,2006,2,CUBAOLIVIER
UNFORGIVEN ZOOLANDER,2006,14,CUBAOLIVIER
VOLCANO TEXAS,2006,10,CUBAOLIVIER
WEREWOLF LOLA,2006,1,CUBAOLIVIER
WONDERLAND CHRISTMAS,2006,14,CUBAOLIVIER
BLANKET BEVERLY,2006,8,FREDCOSTNER
BOONDOCK BALLROOM,2006,16,FREDCOSTNER
BROTHERHOOD BLANKET,2006,6,FREDCOSTNER
CAROL TEXAS,2006,2,FREDCOSTNER
CLEOPATRA DEVIL,2006,13,FREDCOSTNER
CONNECTICUT TRAMP,2006,14,FREDCOSTNER
DECEIVER BETRAYED,2006,7,FREDCOSTNER
DELIVERANCE MULHOLLAND,2006,6,FREDCOSTNER
EAGLES PANKY,2006,13,FREDCOSTNER
EARRING INSTINCT,2006,8,FREDCOSTNER
EASY GLADIATOR,2006,1,FREDCOSTNER
EMPIRE MALKOVICH,2006,3,FREDCOSTNER
ENTRAPMENT SATISFACTION,2006,1,FREDCOSTNER
GABLES METROPOLIS,2006,8,FREDCOSTNER
HUMAN GRAFFITI,2006,10,FREDCOSTNER
IMAGE PRINCESS,2006,15,FREDCOSTNER
IMPOSSIBLE PREJUDICE,2006,9,FREDCOSTNER
INCH JET,2006,2,FREDCOSTNER
KRAMER CHOCOLATE,2006,15,FREDCOSTNER
MAGNIFICENT CHITTY,2006,4,FREDCOSTNER
MIRACLE VIRTUAL,2006,2,FREDCOSTNER
MISSION ZOOLANDER,2006,2,FREDCOSTNER
REAR TRADING,2006,1,FREDCOSTNER
SAINTS BRIDE,2006,7,FREDCOSTNER
SENSE GREEK,2006,15,FREDCOSTNER
THEORY MERMAID,2006,2,FREDCOSTNER
WEEKEND PERSONAL,2006,14,FREDCOSTNER
BREAKING HOME,2006,13,HELENVOIGHT
CAPER MOTIONS,2006,5,HELENVOIGHT
CASPER DRAGONFLY,2006,3,HELENVOIGHT
CAT CONEHEADS,2006,5,HELENVOIGHT
CLASH FREDDY,2006,2,HELENVOIGHT
CUPBOARD SINNERS,2006,6,HELENVOIGHT
CYCLONE FAMILY,2006,9,HELENVOIGHT
DIVINE RESURRECTION,2006,10,HELENVOIGHT
EMPIRE MALKOVICH,2006,3,HELENVOIGHT
FEVER EMPIRE,2006,10,HELENVOIGHT
FIDELITY DEVIL,2006,11,HELENVOIGHT
GREATEST NORTH,2006,12,HELENVOIGHT
INDEPENDENCE HOTEL,2006,6,HELENVOIGHT
IRON MOON,2006,4,HELENVOIGHT
JAWS HARRY,2006,5,HELENVOIGHT
KISS GLORY,2006,9,HELENVOIGHT
LEGALLY SECRETARY,2006,3,HELENVOIGHT
LIES TREATMENT,2006,7,HELENVOIGHT
MICROCOSMOS PARADISE,2006,3,HELENVOIGHT
MOVIE SHAKESPEARE,2006,8,HELENVOIGHT
MUMMY CREATURES,2006,15,HELENVOIGHT
ROAD ROXANNE,2006,6,HELENVOIGHT
SCISSORHANDS SLUMS,2006,9,HELENVOIGHT
SIDE ARK,2006,1,HELENVOIGHT
SINNERS ATLANTIS,2006,11,HELENVOIGHT
STRANGER STRANGERS,2006,3,HELENVOIGHT
SWEETHEARTS SUSPECTS,2006,3,HELENVOIGHT
TADPOLE PARK,2006,4,HELENVOIGHT
TELEMARK HEARTBREAKERS,2006,2,HELENVOIGHT
VOICE PEACH,2006,13,HELENVOIGHT
WAR NOTTING,2006,9,HELENVOIGHT
WARLOCK WEREWOLF,2006,3,HELENVOIGHT
ATTACKS HATE,2006,14,DANTORN
BOILED DARES,2006,16,DANTORN
CHINATOWN GLADIATOR,2006,13,DANTORN
CONEHEADS SMOOCHY,2006,7,DANTORN
EARLY HOME,2006,2,DANTORN
ELIZABETH SHANE,2006,15,DANTORN
EMPIRE MALKOVICH,2006,3,DANTORN
FLASH WARS,2006,13,DANTORN
GUMP DATE,2006,16,DANTORN
INNOCENT USUAL,2006,9,DANTORN
INSIDER ARIZONA,2006,12,DANTORN
JERK PAYCHECK,2006,4,DANTORN
LOVELY JINGLE,2006,4,DANTORN
MASK PEACH,2006,13,DANTORN
MUSSOLINI SPOILERS,2006,15,DANTORN
REAR TRADING,2006,1,DANTORN
SLING LUKE,2006,4,DANTORN
STATE WASTELAND,2006,10,DANTORN
SUN CONFESSIONS,2006,14,DANTORN
TEQUILA PAST,2006,3,DANTORN
TUXEDO MILE,2006,15,DANTORN
VIRGIN DAISY,2006,7,DANTORN
ACE GOLDFINGER,2006,11,BOBFAWCETT
ADAPTATION HOLES,2006,6,BOBFAWCETT
CHINATOWN GLADIATOR,2006,13,BOBFAWCETT
CIRCUS YOUTH,2006,3,BOBFAWCETT
CONTROL ANTHEM,2006,5,BOBFAWCETT
DARES PLUTO,2006,2,BOBFAWCETT
DARN FORRESTER,2006,1,BOBFAWCETT
DAZED PUNK,2006,10,BOBFAWCETT
DYNAMITE TARZAN,2006,4,BOBFAWCETT
HATE HANDICAP,2006,5,BOBFAWCETT
HOMICIDE PEACH,2006,8,BOBFAWCETT
JACKET FRISCO,2006,7,BOBFAWCETT
JUMANJI BLADE,2006,13,BOBFAWCETT
LAWLESS VISION,2006,2,BOBFAWCETT
LEATHERNECKS DWARFS,2006,16,BOBFAWCETT
OSCAR GOLD,2006,2,BOBFAWCETT
PELICAN COMFORTS,2006,6,BOBFAWCETT
PERSONAL LADYBUGS,2006,12,BOBFAWCETT
RAGING AIRPLANE,2006,14,BOBFAWCETT
RUN PACIFIC,2006,13,BOBFAWCETT
RUNNER MADIGAN,2006,12,BOBFAWCETT
SADDLE ANTITRUST,2006,5,BOBFAWCETT
SCORPION APOLLO,2006,7,BOBFAWCETT
SHAWSHANK BUBBLE,2006,16,BOBFAWCETT
TAXI KICK,2006,12,BOBFAWCETT
ACADEMY DINOSAUR,2006,6,LUCILLETRACY
BANGER PINOCCHIO,2006,12,LUCILLETRACY
BEDAZZLED MARRIED,2006,8,LUCILLETRACY
CHEAPER CLYDE,2006,14,LUCILLETRACY
CHITTY LOCK,2006,7,LUCILLETRACY
COLDBLOODED DARLING,2006,14,LUCILLETRACY
DINOSAUR SECRETARY,2006,8,LUCILLETRACY
DOORS PRESIDENT,2006,2,LUCILLETRACY
EARRING INSTINCT,2006,8,LUCILLETRACY
EGG IGBY,2006,6,LUCILLETRACY
GANDHI KWAI,2006,8,LUCILLETRACY
GOLDFINGER SENSIBILITY,2006,7,LUCILLETRACY
HYDE DOCTOR,2006,4,LUCILLETRACY
JAWS HARRY,2006,5,LUCILLETRACY
JUNGLE CLOSER,2006,13,LUCILLETRACY
KING EVOLUTION,2006,8,LUCILLETRACY
LOLA AGENT,2006,11,LUCILLETRACY
LOSE INCH,2006,9,LUCILLETRACY
LOVERBOY ATTACKS,2006,13,LUCILLETRACY
MODERN DORADO,2006,6,LUCILLETRACY
ORIENT CLOSER,2006,7,LUCILLETRACY
PAJAMA JAWBREAKER,2006,4,LUCILLETRACY
PATIENT SISTER,2006,4,LUCILLETRACY
RANDOM GO,2006,14,LUCILLETRACY
REAR TRADING,2006,1,LUCILLETRACY
SAGEBRUSH CLUELESS,2006,6,LUCILLETRACY
SHANGHAI TYCOON,2006,16,LUCILLETRACY
SUN CONFESSIONS,2006,14,LUCILLETRACY
WASTELAND DIVINE,2006,4,LUCILLETRACY
WINDOW SIDE,2006,16,LUCILLETRACY
AGENT TRUMAN,2006,9,KIRSTENPALTROW
BOONDOCK BALLROOM,2006,16,KIRSTENPALTROW
BORN SPINAL,2006,16,KIRSTENPALTROW
CHICKEN HELLFIGHTERS,2006,6,KIRSTENPALTROW
CLOSER BANG,2006,5,KIRSTENPALTROW
CONQUERER NUTS,2006,7,KIRSTENPALTROW
DRIFTER COMMANDMENTS,2006,1,KIRSTENPALTROW
ENCINO ELF,2006,10,KIRSTENPALTROW
FLASH WARS,2006,13,KIRSTENPALTROW
HANOVER GALAXY,2006,12,KIRSTENPALTROW
HOME PITY,2006,12,KIRSTENPALTROW
HONEY TIES,2006,15,KIRSTENPALTROW
KILL BROTHERHOOD,2006,6,KIRSTENPALTROW
LADYBUGS ARMAGEDDON,2006,10,KIRSTENPALTROW
LORD ARIZONA,2006,1,KIRSTENPALTROW
PINOCCHIO SIMON,2006,5,KIRSTENPALTROW
PLUTO OLEANDER,2006,13,KIRSTENPALTROW
PRIX UNDEFEATED,2006,8,KIRSTENPALTROW
PULP BEVERLY,2006,11,KIRSTENPALTROW
RIVER OUTLAW,2006,15,KIRSTENPALTROW
ROAD ROXANNE,2006,6,KIRSTENPALTROW
SILVERADO GOLDFINGER,2006,14,KIRSTENPALTROW
SLEEPING SUSPECTS,2006,11,KIRSTENPALTROW
THIEF PELICAN,2006,2,KIRSTENPALTROW
TITANS JERK,2006,14,KIRSTENPALTROW
UNBREAKABLE KARATE,2006,13,KIRSTENPALTROW
WON DARES,2006,12,KIRSTENPALTROW
ALABAMA DEVIL,2006,11,ELVISMARX
ANACONDA CONFESSIONS,2006,2,ELVISMARX
BAREFOOT MANCHURIAN,2006,1,ELVISMARX
BORROWERS BEDAZZLED,2006,2,ELVISMARX
CADDYSHACK JEDI,2006,1,ELVISMARX
CHITTY LOCK,2006,7,ELVISMARX
EVOLUTION ALTER,2006,15,ELVISMARX
EXPECATIONS NATURAL,2006,16,ELVISMARX
GANGS PRIDE,2006,2,ELVISMARX
GOODFELLAS SALUTE,2006,14,ELVISMARX
HOBBIT ALIEN,2006,7,ELVISMARX
HOOK CHARIOTS,2006,2,ELVISMARX
JERICHO MULAN,2006,10,ELVISMARX
JUMPING WRATH,2006,3,ELVISMARX
KENTUCKIAN GIANT,2006,11,ELVISMARX
LOVELY JINGLE,2006,4,ELVISMARX
MOTIONS DETAILS,2006,11,ELVISMARX
ODDS BOOGIE,2006,8,ELVISMARX
OUTLAW HANKY,2006,16,ELVISMARX
POLISH BROOKLYN,2006,3,ELVISMARX
RIGHT CRANES,2006,4,ELVISMARX
ROOF CHAMPION,2006,10,ELVISMARX
SEATTLE EXPECATIONS,2006,7,ELVISMARX
SKY MIRACLE,2006,1,ELVISMARX
TROJAN TOMORROW,2006,14,ELVISMARX
WATERFRONT DELIVERANCE,2006,1,ELVISMARX
AGENT TRUMAN,2006,9,SANDRAKILMER
ARTIST COLDBLOODED,2006,15,SANDRAKILMER
BLACKOUT PRIVATE,2006,2,SANDRAKILMER
BULL SHAWSHANK,2006,1,SANDRAKILMER
CANDIDATE PERDITION,2006,4,SANDRAKILMER
CANDLES GRAPES,2006,10,SANDRAKILMER
CASSIDY WYOMING,2006,16,SANDRAKILMER
DARN FORRESTER,2006,1,SANDRAKILMER
DESTINY SATURDAY,2006,13,SANDRAKILMER
DIVIDE MONSTER,2006,14,SANDRAKILMER
DRIVER ANNIE,2006,15,SANDRAKILMER
GOLDMINE TYCOON,2006,14,SANDRAKILMER
GORGEOUS BINGO,2006,3,SANDRAKILMER
HELLFIGHTERS SIERRA,2006,9,SANDRAKILMER
HOCUS FRIDA,2006,8,SANDRAKILMER
HOTEL HAPPINESS,2006,9,SANDRAKILMER
IDENTITY LOVER,2006,14,SANDRAKILMER
JUMPING WRATH,2006,3,SANDRAKILMER
LOVELY JINGLE,2006,4,SANDRAKILMER
MAGNOLIA FORRESTER,2006,1,SANDRAKILMER
OLEANDER CLUE,2006,12,SANDRAKILMER
OZ LIAISONS,2006,2,SANDRAKILMER
PERSONAL LADYBUGS,2006,12,SANDRAKILMER
POSEIDON FOREVER,2006,15,SANDRAKILMER
SAVANNAH TOWN,2006,7,SANDRAKILMER
SHAKESPEARE SADDLE,2006,15,SANDRAKILMER
SLEEPING SUSPECTS,2006,11,SANDRAKILMER
SONS INTERVIEW,2006,2,SANDRAKILMER
SPEED SUIT,2006,16,SANDRAKILMER
SPLENDOR PATTON,2006,3,SANDRAKILMER
STATE WASTELAND,2006,10,SANDRAKILMER
STRANGER STRANGERS,2006,3,SANDRAKILMER
STREAK RIDGEMONT,2006,6,SANDRAKILMER
STREETCAR INTENTIONS,2006,11,SANDRAKILMER
VANISHED GARDEN,2006,13,SANDRAKILMER
WOLVES DESIRE,2006,16,SANDRAKILMER
YOUTH KICK,2006,12,SANDRAKILMER
ADAPTATION HOLES,2006,6,CAMERONSTREEP
BLUES INSTINCT,2006,8,CAMERONSTREEP
CALENDAR GUNFIGHT,2006,9,CAMERONSTREEP
CASUALTIES ENCINO,2006,1,CAMERONSTREEP
CHOCOLATE DUCK,2006,9,CAMERONSTREEP
COAST RAINBOW,2006,6,CAMERONSTREEP
CONNECTION MICROCOSMOS,2006,5,CAMERONSTREEP
CROW GREASE,2006,1,CAMERONSTREEP
CUPBOARD SINNERS,2006,6,CAMERONSTREEP
DOOM DANCING,2006,5,CAMERONSTREEP
DROP WATERFRONT,2006,15,CAMERONSTREEP
ELEPHANT TROJAN,2006,11,CAMERONSTREEP
FREEDOM CLEOPATRA,2006,5,CAMERONSTREEP
HAUNTED ANTITRUST,2006,16,CAMERONSTREEP
INSTINCT AIRPORT,2006,15,CAMERONSTREEP
LEGALLY SECRETARY,2006,3,CAMERONSTREEP
MOB DUFFEL,2006,7,CAMERONSTREEP
MOVIE SHAKESPEARE,2006,8,CAMERONSTREEP
PANIC CLUB,2006,11,CAMERONSTREEP
PURE RUNNER,2006,5,CAMERONSTREEP
SEVEN SWARM,2006,10,CAMERONSTREEP
SPINAL ROCKY,2006,8,CAMERONSTREEP
SPLASH GUMP,2006,8,CAMERONSTREEP
WEST LION,2006,7,CAMERONSTREEP
AMERICAN CIRCUS,2006,1,KEVINBLOOM
BOOGIE AMELIE,2006,12,KEVINBLOOM
CITIZEN SHREK,2006,14,KEVINBLOOM
CONQUERER NUTS,2006,7,KEVINBLOOM
DALMATIONS SWEDEN,2006,7,KEVINBLOOM
DATE SPEED,2006,8,KEVINBLOOM
DESTINY SATURDAY,2006,13,KEVINBLOOM
DOUBLE WRATH,2006,2,KEVINBLOOM
FICTION CHRISTMAS,2006,9,KEVINBLOOM
HATE HANDICAP,2006,5,KEVINBLOOM
HEAVENLY GUN,2006,12,KEVINBLOOM
HOLES BRANNIGAN,2006,15,KEVINBLOOM
LOVERBOY ATTACKS,2006,13,KEVINBLOOM
MASSAGE IMAGE,2006,2,KEVINBLOOM
MISSION ZOOLANDER,2006,2,KEVINBLOOM
MUMMY CREATURES,2006,15,KEVINBLOOM
POLISH BROOKLYN,2006,3,KEVINBLOOM
PRIMARY GLASS,2006,1,KEVINBLOOM
SABRINA MIDNIGHT,2006,3,KEVINBLOOM
SWEDEN SHINING,2006,5,KEVINBLOOM
TROUBLE DATE,2006,16,KEVINBLOOM
ALABAMA DEVIL,2006,11,RIPCRAWFORD
AMERICAN CIRCUS,2006,1,RIPCRAWFORD
ARABIA DOGMA,2006,11,RIPCRAWFORD
BOULEVARD MOB,2006,13,RIPCRAWFORD
BRANNIGAN SUNRISE,2006,13,RIPCRAWFORD
BUCKET BROTHERHOOD,2006,16,RIPCRAWFORD
CHOCOLAT HARRY,2006,8,RIPCRAWFORD
CRAFT OUTFIELD,2006,7,RIPCRAWFORD
CYCLONE FAMILY,2006,9,RIPCRAWFORD
DESTINATION JERK,2006,7,RIPCRAWFORD
DONNIE ALLEY,2006,2,RIPCRAWFORD
FOOL MOCKINGBIRD,2006,1,RIPCRAWFORD
FORREST SONS,2006,1,RIPCRAWFORD
FRONTIER CABIN,2006,13,RIPCRAWFORD
GABLES METROPOLIS,2006,8,RIPCRAWFORD
GUYS FALCON,2006,14,RIPCRAWFORD
HALL CASSIDY,2006,3,RIPCRAWFORD
LONELY ELEPHANT,2006,5,RIPCRAWFORD
MADISON TRAP,2006,6,RIPCRAWFORD
MASSAGE IMAGE,2006,2,RIPCRAWFORD
OKLAHOMA JUMANJI,2006,13,RIPCRAWFORD
OSCAR GOLD,2006,2,RIPCRAWFORD
PITTSBURGH HUNCHBACK,2006,8,RIPCRAWFORD
POLISH BROOKLYN,2006,3,RIPCRAWFORD
RANGE MOONWALKER,2006,8,RIPCRAWFORD
RINGS HEARTBREAKERS,2006,1,RIPCRAWFORD
SAINTS BRIDE,2006,7,RIPCRAWFORD
SATURDAY LAMBS,2006,15,RIPCRAWFORD
SIEGE MADRE,2006,8,RIPCRAWFORD
SORORITY QUEEN,2006,9,RIPCRAWFORD
TEXAS WATCH,2006,11,RIPCRAWFORD
TRAIN BUNCH,2006,11,RIPCRAWFORD
TRAMP OTHERS,2006,5,RIPCRAWFORD
AMADEUS HOLY,2006,1,JULIAMCQUEEN
ARABIA DOGMA,2006,11,JULIAMCQUEEN
BONNIE HOLOCAUST,2006,6,JULIAMCQUEEN
CIDER DESIRE,2006,6,JULIAMCQUEEN
CONEHEADS SMOOCHY,2006,7,JULIAMCQUEEN
EFFECT GLADIATOR,2006,8,JULIAMCQUEEN
FREDDY STORM,2006,11,JULIAMCQUEEN
GAMES BOWFINGER,2006,16,JULIAMCQUEEN
GLADIATOR WESTWARD,2006,8,JULIAMCQUEEN
HANOVER GALAXY,2006,12,JULIAMCQUEEN
HIGH ENCINO,2006,11,JULIAMCQUEEN
INSIDER ARIZONA,2006,12,JULIAMCQUEEN
JAWBREAKER BROOKLYN,2006,12,JULIAMCQUEEN
KISS GLORY,2006,9,JULIAMCQUEEN
KRAMER CHOCOLATE,2006,15,JULIAMCQUEEN
LUCKY FLYING,2006,12,JULIAMCQUEEN
MOCKINGBIRD HOLLYWOOD,2006,1,JULIAMCQUEEN
MONTEREY LABYRINTH,2006,11,JULIAMCQUEEN
OPEN AFRICAN,2006,14,JULIAMCQUEEN
PILOT HOOSIERS,2006,8,JULIAMCQUEEN
PITTSBURGH HUNCHBACK,2006,8,JULIAMCQUEEN
PRESIDENT BANG,2006,8,JULIAMCQUEEN
SCORPION APOLLO,2006,7,JULIAMCQUEEN
SLEEPLESS MONSOON,2006,2,JULIAMCQUEEN
SPIRIT FLINTSTONES,2006,11,JULIAMCQUEEN
STRANGERS GRAFFITI,2006,11,JULIAMCQUEEN
SWEETHEARTS SUSPECTS,2006,3,JULIAMCQUEEN
TELEMARK HEARTBREAKERS,2006,2,JULIAMCQUEEN
TIES HUNGER,2006,3,JULIAMCQUEEN
TRAIN BUNCH,2006,11,JULIAMCQUEEN
WEEKEND PERSONAL,2006,14,JULIAMCQUEEN
WONKA SEA,2006,2,JULIAMCQUEEN
YOUNG LANGUAGE,2006,6,JULIAMCQUEEN
ALICE FANTASIA,2006,4,WOODYHOFFMAN
ATLANTIS CAUSE,2006,8,WOODYHOFFMAN
BEACH HEARTBREAKERS,2006,6,WOODYHOFFMAN
BIRCH ANTITRUST,2006,12,WOODYHOFFMAN
BREAKING HOME,2006,13,WOODYHOFFMAN
BUNCH MINDS,2006,7,WOODYHOFFMAN
DUCK RACER,2006,2,WOODYHOFFMAN
DURHAM PANKY,2006,15,WOODYHOFFMAN
ENTRAPMENT SATISFACTION,2006,1,WOODYHOFFMAN
GILMORE BOILED,2006,4,WOODYHOFFMAN
KNOCK WARLOCK,2006,5,WOODYHOFFMAN
LAMBS CINCINATTI,2006,10,WOODYHOFFMAN
LOSER HUSTLER,2006,15,WOODYHOFFMAN
MAIDEN HOME,2006,13,WOODYHOFFMAN
MIDNIGHT WESTWARD,2006,1,WOODYHOFFMAN
MOONWALKER FOOL,2006,10,WOODYHOFFMAN
NEIGHBORS CHARADE,2006,15,WOODYHOFFMAN
NONE SPIKING,2006,14,WOODYHOFFMAN
PAJAMA JAWBREAKER,2006,4,WOODYHOFFMAN
PILOT HOOSIERS,2006,8,WOODYHOFFMAN
ROOM ROMAN,2006,2,WOODYHOFFMAN
SHOOTIST SUPERFLY,2006,7,WOODYHOFFMAN
SHRUNK DIVINE,2006,1,WOODYHOFFMAN
SNOWMAN ROLLERCOASTER,2006,2,WOODYHOFFMAN
SPICE SORORITY,2006,7,WOODYHOFFMAN
SPY MILE,2006,10,WOODYHOFFMAN
TELEGRAPH VOYAGE,2006,12,WOODYHOFFMAN
TRAP GUYS,2006,9,WOODYHOFFMAN
WAIT CIDER,2006,2,WOODYHOFFMAN
WIFE TURN,2006,6,WOODYHOFFMAN
WYOMING STORM,2006,13,WOODYHOFFMAN
ALADDIN CALENDAR,2006,15,ALECWAYNE
BLADE POLISH,2006,7,ALECWAYNE
BULL SHAWSHANK,2006,1,ALECWAYNE
CABIN FLASH,2006,3,ALECWAYNE
CENTER DINOSAUR,2006,4,ALECWAYNE
CHAMBER ITALIAN,2006,12,ALECWAYNE
CONEHEADS SMOOCHY,2006,7,ALECWAYNE
DESTINY SATURDAY,2006,13,ALECWAYNE
EFFECT GLADIATOR,2006,8,ALECWAYNE
ENCOUNTERS CURTAIN,2006,7,ALECWAYNE
EXPRESS LONELY,2006,14,ALECWAYNE
FICTION CHRISTMAS,2006,9,ALECWAYNE
FREEDOM CLEOPATRA,2006,5,ALECWAYNE
FUGITIVE MAGUIRE,2006,16,ALECWAYNE
HOURS RAGE,2006,13,ALECWAYNE
HUSTLER PARTY,2006,5,ALECWAYNE
IDENTITY LOVER,2006,14,ALECWAYNE
INSIDER ARIZONA,2006,12,ALECWAYNE
JEOPARDY ENCINO,2006,4,ALECWAYNE
JOON NORTHWEST,2006,15,ALECWAYNE
LIBERTY MAGNIFICENT,2006,15,ALECWAYNE
MAGIC MALLRATS,2006,3,ALECWAYNE
MONEY HAROLD,2006,13,ALECWAYNE
OUTBREAK DIVINE,2006,10,ALECWAYNE
REIGN GENTLEMEN,2006,14,ALECWAYNE
SMOKING BARBARELLA,2006,6,ALECWAYNE
SUMMER SCARFACE,2006,4,ALECWAYNE
UPTOWN YOUNG,2006,3,ALECWAYNE
VIRGIN DAISY,2006,7,ALECWAYNE
ACADEMY DINOSAUR,2006,6,SANDRAPECK
BANG KWAI,2006,8,SANDRAPECK
BEETHOVEN EXORCIST,2006,7,SANDRAPECK
BEVERLY OUTLAW,2006,14,SANDRAPECK
BIRDS PERDITION,2006,13,SANDRAPECK
BOONDOCK BALLROOM,2006,16,SANDRAPECK
DUDE BLINDNESS,2006,15,SANDRAPECK
DUMBO LUST,2006,8,SANDRAPECK
ENOUGH RAGING,2006,16,SANDRAPECK
EXCITEMENT EVE,2006,1,SANDRAPECK
FAMILY SWEET,2006,11,SANDRAPECK
FIREHOUSE VIETNAM,2006,1,SANDRAPECK
FLASH WARS,2006,13,SANDRAPECK
GILBERT PELICAN,2006,4,SANDRAPECK
MATRIX SNOWMAN,2006,9,SANDRAPECK
RINGS HEARTBREAKERS,2006,1,SANDRAPECK
SILENCE KANE,2006,12,SANDRAPECK
STAGECOACH ARMAGEDDON,2006,1,SANDRAPECK
VIRGINIAN PLUTO,2006,6,SANDRAPECK
BORN SPINAL,2006,16,SISSYSOBIESKI
CHITTY LOCK,2006,7,SISSYSOBIESKI
CLYDE THEORY,2006,13,SISSYSOBIESKI
COAST RAINBOW,2006,6,SISSYSOBIESKI
CRAZY HOME,2006,5,SISSYSOBIESKI
FACTORY DRAGON,2006,16,SISSYSOBIESKI
FERRIS MOTHER,2006,5,SISSYSOBIESKI
GONE TROUBLE,2006,7,SISSYSOBIESKI
GREEK EVERYONE,2006,9,SISSYSOBIESKI
HOOSIERS BIRDCAGE,2006,9,SISSYSOBIESKI
MOB DUFFEL,2006,7,SISSYSOBIESKI
OPEN AFRICAN,2006,14,SISSYSOBIESKI
PRIX UNDEFEATED,2006,8,SISSYSOBIESKI
ROCKY WAR,2006,7,SISSYSOBIESKI
SHRUNK DIVINE,2006,1,SISSYSOBIESKI
SKY MIRACLE,2006,1,SISSYSOBIESKI
TELEMARK HEARTBREAKERS,2006,2,SISSYSOBIESKI
WISDOM WORKER,2006,5,SISSYSOBIESKI
BEHAVIOR RUNAWAY,2006,11,TIMHACKMAN
BOILED DARES,2006,16,TIMHACKMAN
BUCKET BROTHERHOOD,2006,16,TIMHACKMAN
CALENDAR GUNFIGHT,2006,9,TIMHACKMAN
CHAPLIN LICENSE,2006,13,TIMHACKMAN
CRUSADE HONEY,2006,15,TIMHACKMAN
CUPBOARD SINNERS,2006,6,TIMHACKMAN
DEEP CRUSADE,2006,6,TIMHACKMAN
FEUD FROGMEN,2006,8,TIMHACKMAN
FIDDLER LOST,2006,14,TIMHACKMAN
HAROLD FRENCH,2006,7,TIMHACKMAN
HOMEWARD CIDER,2006,6,TIMHACKMAN
HOOSIERS BIRDCAGE,2006,9,TIMHACKMAN
LIGHTS DEER,2006,4,TIMHACKMAN
MEET CHOCOLATE,2006,9,TIMHACKMAN
MOB DUFFEL,2006,7,TIMHACKMAN
MUMMY CREATURES,2006,15,TIMHACKMAN
PACKER MADIGAN,2006,2,TIMHACKMAN
PEACH INNOCENT,2006,15,TIMHACKMAN
PEARL DESTINY,2006,9,TIMHACKMAN
SNATCHERS MONTEZUMA,2006,4,TIMHACKMAN
UPTOWN YOUNG,2006,3,TIMHACKMAN
WIZARD COLDBLOODED,2006,12,TIMHACKMAN
BAREFOOT MANCHURIAN,2006,1,MILLAPECK
CALENDAR GUNFIGHT,2006,9,MILLAPECK
CHANCE RESURRECTION,2006,15,MILLAPECK
CLASH FREDDY,2006,2,MILLAPECK
DAUGHTER MADIGAN,2006,3,MILLAPECK
DREAM PICKUP,2006,1,MILLAPECK
FATAL HAUNTED,2006,13,MILLAPECK
FEATHERS METAL,2006,10,MILLAPECK
JACKET FRISCO,2006,7,MILLAPECK
JUGGLER HARDLY,2006,2,MILLAPECK
MIDNIGHT WESTWARD,2006,1,MILLAPECK
NECKLACE OUTBREAK,2006,7,MILLAPECK
PEACH INNOCENT,2006,15,MILLAPECK
PREJUDICE OLEANDER,2006,4,MILLAPECK
RAIDERS ANTITRUST,2006,6,MILLAPECK
ROBBERS JOON,2006,3,MILLAPECK
ROCK INSTINCT,2006,11,MILLAPECK
RUSHMORE MERMAID,2006,5,MILLAPECK
SEATTLE EXPECATIONS,2006,7,MILLAPECK
TEEN APOLLO,2006,16,MILLAPECK
TEMPLE ATTRACTION,2006,11,MILLAPECK
WATERSHIP FRONTIER,2006,11,MILLAPECK
WHISPERER GIANT,2006,14,MILLAPECK
WRONG BEHAVIOR,2006,3,MILLAPECK
ATLANTIS CAUSE,2006,8,AUDREYOLIVIER
BOULEVARD MOB,2006,13,AUDREYOLIVIER
CAPER MOTIONS,2006,5,AUDREYOLIVIER
CASSIDY WYOMING,2006,16,AUDREYOLIVIER
CONEHEADS SMOOCHY,2006,7,AUDREYOLIVIER
CONTROL ANTHEM,2006,5,AUDREYOLIVIER
DORADO NOTTING,2006,12,AUDREYOLIVIER
FRENCH HOLIDAY,2006,6,AUDREYOLIVIER
GUNFIGHTER MUSSOLINI,2006,15,AUDREYOLIVIER
HALLOWEEN NUTS,2006,6,AUDREYOLIVIER
HUMAN GRAFFITI,2006,10,AUDREYOLIVIER
KANE EXORCIST,2006,9,AUDREYOLIVIER
KNOCK WARLOCK,2006,5,AUDREYOLIVIER
LOATHING LEGALLY,2006,4,AUDREYOLIVIER
PEAK FOREVER,2006,15,AUDREYOLIVIER
REDEMPTION COMFORTS,2006,13,AUDREYOLIVIER
SENSE GREEK,2006,15,AUDREYOLIVIER
SHIP WONDERLAND,2006,6,AUDREYOLIVIER
SIDE ARK,2006,1,AUDREYOLIVIER
SQUAD FISH,2006,15,AUDREYOLIVIER
STING PERSONAL,2006,13,AUDREYOLIVIER
STRANGER STRANGERS,2006,3,AUDREYOLIVIER
USUAL UNTOUCHABLES,2006,9,AUDREYOLIVIER
VOLUME HOUSE,2006,4,AUDREYOLIVIER
WHALE BIKINI,2006,9,AUDREYOLIVIER
ALADDIN CALENDAR,2006,15,JUDYDEAN
ARACHNOPHOBIA ROLLERCOASTER,2006,11,JUDYDEAN
BALLROOM MOCKINGBIRD,2006,9,JUDYDEAN
CYCLONE FAMILY,2006,9,JUDYDEAN
DROP WATERFRONT,2006,15,JUDYDEAN
GUNFIGHTER MUSSOLINI,2006,15,JUDYDEAN
MODERN DORADO,2006,6,JUDYDEAN
MUSSOLINI SPOILERS,2006,15,JUDYDEAN
NASH CHOCOLAT,2006,2,JUDYDEAN
QUEST MUSSOLINI,2006,1,JUDYDEAN
RINGS HEARTBREAKERS,2006,1,JUDYDEAN
ROCKETEER MOTHER,2006,9,JUDYDEAN
RUGRATS SHAKESPEARE,2006,1,JUDYDEAN
SOLDIERS EVOLUTION,2006,14,JUDYDEAN
TROUBLE DATE,2006,16,JUDYDEAN
ALIEN CENTER,2006,9,BURTDUKAKIS
BLINDNESS GUN,2006,14,BURTDUKAKIS
COMMANDMENTS EXPRESS,2006,11,BURTDUKAKIS
DINOSAUR SECRETARY,2006,8,BURTDUKAKIS
DOUBLE WRATH,2006,2,BURTDUKAKIS
ENDING CROWDS,2006,13,BURTDUKAKIS
GREEK EVERYONE,2006,9,BURTDUKAKIS
GRINCH MASSAGE,2006,10,BURTDUKAKIS
GUN BONNIE,2006,10,BURTDUKAKIS
GUYS FALCON,2006,14,BURTDUKAKIS
HEAVEN FREEDOM,2006,5,BURTDUKAKIS
HOME PITY,2006,12,BURTDUKAKIS
HOMEWARD CIDER,2006,6,BURTDUKAKIS
IMAGE PRINCESS,2006,15,BURTDUKAKIS
INTOLERABLE INTENTIONS,2006,6,BURTDUKAKIS
JERK PAYCHECK,2006,4,BURTDUKAKIS
KANE EXORCIST,2006,9,BURTDUKAKIS
KING EVOLUTION,2006,8,BURTDUKAKIS
MENAGERIE RUSHMORE,2006,2,BURTDUKAKIS
MONEY HAROLD,2006,13,BURTDUKAKIS
MOTIONS DETAILS,2006,11,BURTDUKAKIS
RANDOM GO,2006,14,BURTDUKAKIS
RANGE MOONWALKER,2006,8,BURTDUKAKIS
REAP UNFAITHFUL,2006,11,BURTDUKAKIS
RIGHT CRANES,2006,4,BURTDUKAKIS
TALENTED HOMICIDE,2006,15,BURTDUKAKIS
TRUMAN CRAZY,2006,1,BURTDUKAKIS
VALENTINE VANISHING,2006,16,BURTDUKAKIS
WANDA CHAMBER,2006,10,BURTDUKAKIS
ALADDIN CALENDAR,2006,15,VALBOLGER
ALASKA PHANTOM,2006,12,VALBOLGER
AMADEUS HOLY,2006,1,VALBOLGER
CANYON STOCK,2006,2,VALBOLGER
CAPER MOTIONS,2006,5,VALBOLGER
CARRIE BUNCH,2006,11,VALBOLGER
CHITTY LOCK,2006,7,VALBOLGER
DALMATIONS SWEDEN,2006,7,VALBOLGER
DRIFTER COMMANDMENTS,2006,1,VALBOLGER
DUDE BLINDNESS,2006,15,VALBOLGER
ELEPHANT TROJAN,2006,11,VALBOLGER
FIREBALL PHILADELPHIA,2006,5,VALBOLGER
INTRIGUE WORST,2006,9,VALBOLGER
JAWBREAKER BROOKLYN,2006,12,VALBOLGER
JERSEY SASSY,2006,3,VALBOLGER
LAMBS CINCINATTI,2006,10,VALBOLGER
LONELY ELEPHANT,2006,5,VALBOLGER
MAKER GABLES,2006,3,VALBOLGER
MALLRATS UNITED,2006,5,VALBOLGER
METROPOLIS COMA,2006,14,VALBOLGER
MODEL FISH,2006,3,VALBOLGER
PATHS CONTROL,2006,7,VALBOLGER
PATIENT SISTER,2006,4,VALBOLGER
PREJUDICE OLEANDER,2006,4,VALBOLGER
PRIMARY GLASS,2006,1,VALBOLGER
SHAWSHANK BUBBLE,2006,16,VALBOLGER
STALLION SUNDANCE,2006,14,VALBOLGER
STAMPEDE DISTURBING,2006,10,VALBOLGER
STRANGER STRANGERS,2006,3,VALBOLGER
TOWN ARK,2006,9,VALBOLGER
UNITED PILOT,2006,6,VALBOLGER
WATCH TRACY,2006,2,VALBOLGER
WEDDING APOLLO,2006,6,VALBOLGER
WORKING MICROCOSMOS,2006,16,VALBOLGER
YOUTH KICK,2006,12,VALBOLGER
ANALYZE HOOSIERS,2006,11,TOMMCKELLEN
CADDYSHACK JEDI,2006,1,TOMMCKELLEN
CLUB GRAFFITI,2006,2,TOMMCKELLEN
CONGENIALITY QUEST,2006,15,TOMMCKELLEN
DESIRE ALIEN,2006,2,TOMMCKELLEN
DONNIE ALLEY,2006,2,TOMMCKELLEN
EGG IGBY,2006,6,TOMMCKELLEN
FREEDOM CLEOPATRA,2006,5,TOMMCKELLEN
FRISCO FORREST,2006,14,TOMMCKELLEN
GENTLEMEN STAGE,2006,9,TOMMCKELLEN
IDAHO LOVE,2006,13,TOMMCKELLEN
IDOLS SNATCHERS,2006,3,TOMMCKELLEN
INDIAN LOVE,2006,8,TOMMCKELLEN
KISSING DOLLS,2006,1,TOMMCKELLEN
LEGEND JEDI,2006,12,TOMMCKELLEN
MAGIC MALLRATS,2006,3,TOMMCKELLEN
MISSION ZOOLANDER,2006,2,TOMMCKELLEN
NECKLACE OUTBREAK,2006,7,TOMMCKELLEN
NEIGHBORS CHARADE,2006,15,TOMMCKELLEN
PURPLE MOVIE,2006,9,TOMMCKELLEN
SHRUNK DIVINE,2006,1,TOMMCKELLEN
SPICE SORORITY,2006,7,TOMMCKELLEN
STALLION SUNDANCE,2006,14,TOMMCKELLEN
STRANGER STRANGERS,2006,3,TOMMCKELLEN
TARZAN VIDEOTAPE,2006,11,TOMMCKELLEN
BILKO ANONYMOUS,2006,8,GOLDIEBRODY
BINGO TALENTED,2006,14,GOLDIEBRODY
COMANCHEROS ENEMY,2006,3,GOLDIEBRODY
DAISY MENAGERIE,2006,14,GOLDIEBRODY
DESERT POSEIDON,2006,11,GOLDIEBRODY
EVERYONE CRAFT,2006,9,GOLDIEBRODY
EXORCIST STING,2006,15,GOLDIEBRODY
